Handle,Title,Body (HTML),Description,Location,Vendor,Tags,Type,Product Category,Published,Option1 Name,Option1 Value,Option2 Name,Option2 Value,Option3 Name,Option3 Value,Variant SKU,Variant Grams,HS Code,COO,Variant Inventory Qty,Variant Inventory Policy,Variant Price,Cost Per Item,Variant Inventory Tracker,Variant Fulfillment Service,Variant Requires Shipping,Variant Taxable,Variant Weight Unit,Gift Card,Status,Variant Barcode
kids-chicago-hd-dotted-hoodie001-black,KIDS CHICAGO HD DOTTED HOODIE-001 BLACK,,KIDS CHICAGO HD DOTTED HOODIE-001 BLACK,14469,Psycho Bunny,FALL 2023,,Apparel & Accessories > Clothing,false,Size,2T,Color,001 BLACK,,,B0H456Z1FT,0.0,,US,1.0,deny,105,42,shopify,manual,false,true,lbs,false,active,
kids-chicago-hd-dotted-hoodie001-black,KIDS CHICAGO HD DOTTED HOODIE-001 BLACK,,KIDS CHICAGO HD DOTTED HOODIE-001 BLACK,14469,Psycho Bunny,FALL 2023,,Apparel & Accessories > Clothing,false,Size,3T,Color,001 BLACK,,,B0H456Z1FT,0.0,,US,1.0,deny,105,42,shopify,manual,false,true,lbs,false,active,
kids-chicago-hd-dotted-hoodie001-black,KIDS CHICAGO HD DOTTED HOODIE-001 BLACK,,KIDS CHICAGO HD DOTTED HOODIE-001 BLACK,14469,Psycho Bunny,FALL 2023,,Apparel & Accessories > Clothing,false,Size,4,Color,001 BLACK,,,B0H456Z1FT,0.0,,US,1.0,deny,105,42,shopify,manual,false,true,lbs,false,active,
kids-chicago-hd-dotted-hoodie001-black,KIDS CHICAGO HD DOTTED HOODIE-001 BLACK,,KIDS CHICAGO HD DOTTED HOODIE-001 BLACK,14469,Psycho Bunny,FALL 2023,,Apparel & Accessories > Clothing,false,Size,5/6,Color,001 BLACK,,,B0H456Z1FT,0.0,,US,1.0,deny,105,42,shopify,manual,false,true,lbs,false,active,
kids-chicago-hd-dotted-hoodie001-black,KIDS CHICAGO HD DOTTED HOODIE-001 BLACK,,KIDS CHICAGO HD DOTTED HOODIE-001 BLACK,14469,Psycho Bunny,FALL 2023,,Apparel & Accessories > Clothing,false,Size,7/8,Color,001 BLACK,,,B0H456Z1FT,0.0,,US,1.0,deny,105,42,shopify,manual,false,true,lbs,false,active,
kids-french-terry-pullover-hoodie001-black,KIDS FRENCH TERRY PULLOVER HOODIE-001 BLACK,,KIDS FRENCH TERRY PULLOVER HOODIE-001 BLACK,14469,Psycho Bunny,,,Apparel & Accessories > Clothing,false,Size,4,Color,001 BLACK,,,B0H825ARFT,0.0,,US,1.0,deny,95,38,shopify,manual,false,true,lbs,false,active,
kids-french-terry-pullover-hoodie001-black,KIDS FRENCH TERRY PULLOVER HOODIE-001 BLACK,,KIDS FRENCH TERRY PULLOVER HOODIE-001 BLACK,14469,Psycho Bunny,,,Apparel & Accessories > Clothing,false,Size,5/6,Color,001 BLACK,,,B0H825ARFT,0.0,,US,1.0,deny,95,38,shopify,manual,false,true,lbs,false,active,
kids-chicago-hd-dotted-sweatpant001-black,KIDS CHICAGO HD DOTTED SWEATPANT-001 BLACK,,KIDS CHICAGO HD DOTTED SWEATPANT-001 BLACK,14469,Psycho Bunny,FALL 2023,,Apparel & Accessories > Clothing,false,Size,3T,Color,001 BLACK,,,B0P438Z1FT,0.0,,US,1.0,deny,70,28,shopify,manual,false,true,lbs,false,active,
kids-chicago-hd-dotted-sweatpant001-black,KIDS CHICAGO HD DOTTED SWEATPANT-001 BLACK,,KIDS CHICAGO HD DOTTED SWEATPANT-001 BLACK,14469,Psycho Bunny,FALL 2023,,Apparel & Accessories > Clothing,false,Size,4,Color,001 BLACK,,,B0P438Z1FT,0.0,,US,1.0,deny,70,28,shopify,manual,false,true,lbs,false,active,
kids-posen-matte-graphic-sweatshirt410-navy,KIDS POSEN MATTE GRAPHIC SWEATSHIRT-410 NAVY,,KIDS POSEN MATTE GRAPHIC SWEATSHIRT-410 NAVY,14469,Psycho Bunny,FALL 2023,,Apparel & Accessories > Clothing,false,Size,4,Color,410 NAVY,,,B0S536Z1FT,0.0,,US,1.0,deny,95,38,shopify,manual,false,true,lbs,false,active,
kids-posen-matte-graphic-sweatshirt410-navy,KIDS POSEN MATTE GRAPHIC SWEATSHIRT-410 NAVY,,KIDS POSEN MATTE GRAPHIC SWEATSHIRT-410 NAVY,14469,Psycho Bunny,FALL 2023,,Apparel & Accessories > Clothing,false,Size,5/6,Color,410 NAVY,,,B0S536Z1FT,0.0,,US,1.0,deny,95,38,shopify,manual,false,true,lbs,false,active,
kids-posen-matte-graphic-sweatshirt410-navy,KIDS POSEN MATTE GRAPHIC SWEATSHIRT-410 NAVY,,KIDS POSEN MATTE GRAPHIC SWEATSHIRT-410 NAVY,14469,Psycho Bunny,FALL 2023,,Apparel & Accessories > Clothing,false,Size,7/8,Color,410 NAVY,,,B0S536Z1FT,0.0,,US,1.0,deny,95,38,shopify,manual,false,true,lbs,false,active,
kids-chester-embroidered-graphic-tee001-black,KIDS CHESTER EMBROIDERED GRAPHIC TEE-001 BLACK,,KIDS CHESTER EMBROIDERED GRAPHIC TEE-001 BLACK,14469,Psycho Bunny,FALL 2023,,Apparel & Accessories > Clothing,false,Size,2T,Color,001 BLACK,,,B0U301Z1PC,0.0,,US,2.0,deny,50,20,shopify,manual,false,true,lbs,false,active,
kids-chester-embroidered-graphic-tee001-black,KIDS CHESTER EMBROIDERED GRAPHIC TEE-001 BLACK,,KIDS CHESTER EMBROIDERED GRAPHIC TEE-001 BLACK,14469,Psycho Bunny,FALL 2023,,Apparel & Accessories > Clothing,false,Size,3T,Color,001 BLACK,,,B0U301Z1PC,0.0,,US,1.0,deny,50,20,shopify,manual,false,true,lbs,false,active,
kids-chester-embroidered-graphic-tee001-black,KIDS CHESTER EMBROIDERED GRAPHIC TEE-001 BLACK,,KIDS CHESTER EMBROIDERED GRAPHIC TEE-001 BLACK,14469,Psycho Bunny,FALL 2023,,Apparel & Accessories > Clothing,false,Size,4,Color,001 BLACK,,,B0U301Z1PC,0.0,,US,1.0,deny,50,20,shopify,manual,false,true,lbs,false,active,
kids-chester-embroidered-graphic-tee813-tangerine-tango,KIDS CHESTER EMBROIDERED GRAPHIC TEE-813 TANGERINE TANGO,,KIDS CHESTER EMBROIDERED GRAPHIC TEE-813 TANGERINE TANGO,14469,Psycho Bunny,FALL 2023,,Apparel & Accessories > Clothing,false,Size,2T,Color,813 TANGERINE TANGO,,,B0U301Z1PC,0.0,,US,1.0,deny,50,20,shopify,manual,false,true,lbs,false,active,
kids-chester-embroidered-graphic-tee813-tangerine-tango,KIDS CHESTER EMBROIDERED GRAPHIC TEE-813 TANGERINE TANGO,,KIDS CHESTER EMBROIDERED GRAPHIC TEE-813 TANGERINE TANGO,14469,Psycho Bunny,FALL 2023,,Apparel & Accessories > Clothing,false,Size,3T,Color,813 TANGERINE TANGO,,,B0U301Z1PC,0.0,,US,1.0,deny,50,20,shopify,manual,false,true,lbs,false,active,
kids-chester-embroidered-graphic-tee813-tangerine-tango,KIDS CHESTER EMBROIDERED GRAPHIC TEE-813 TANGERINE TANGO,,KIDS CHESTER EMBROIDERED GRAPHIC TEE-813 TANGERINE TANGO,14469,Psycho Bunny,FALL 2023,,Apparel & Accessories > Clothing,false,Size,4,Color,813 TANGERINE TANGO,,,B0U301Z1PC,0.0,,US,1.0,deny,50,20,shopify,manual,false,true,lbs,false,active,
kids-chester-embroidered-graphic-tee813-tangerine-tango,KIDS CHESTER EMBROIDERED GRAPHIC TEE-813 TANGERINE TANGO,,KIDS CHESTER EMBROIDERED GRAPHIC TEE-813 TANGERINE TANGO,14469,Psycho Bunny,FALL 2023,,Apparel & Accessories > Clothing,false,Size,5/6,Color,813 TANGERINE TANGO,,,B0U301Z1PC,0.0,,US,1.0,deny,50,20,shopify,manual,false,true,lbs,false,active,
kids-chester-embroidered-graphic-tee621-brilliant-red-2,KIDS CHESTER EMBROIDERED GRAPHIC TEE-621 BRILLIANT RED 2,,KIDS CHESTER EMBROIDERED GRAPHIC TEE-621 BRILLIANT RED 2,14469,Psycho Bunny,FALL 2023,,Apparel & Accessories > Clothing,false,Size,2T,Color,621 BRILLIANT RED 2,,,B0U301Z1PC,0.0,,US,1.0,deny,50,20,shopify,manual,false,true,lbs,false,active,
kids-chester-embroidered-graphic-tee621-brilliant-red-2,KIDS CHESTER EMBROIDERED GRAPHIC TEE-621 BRILLIANT RED 2,,KIDS CHESTER EMBROIDERED GRAPHIC TEE-621 BRILLIANT RED 2,14469,Psycho Bunny,FALL 2023,,Apparel & Accessories > Clothing,false,Size,3T,Color,621 BRILLIANT RED 2,,,B0U301Z1PC,0.0,,US,1.0,deny,50,20,shopify,manual,false,true,lbs,false,active,
kids-chester-embroidered-graphic-tee621-brilliant-red-2,KIDS CHESTER EMBROIDERED GRAPHIC TEE-621 BRILLIANT RED 2,,KIDS CHESTER EMBROIDERED GRAPHIC TEE-621 BRILLIANT RED 2,14469,Psycho Bunny,FALL 2023,,Apparel & Accessories > Clothing,false,Size,4,Color,621 BRILLIANT RED 2,,,B0U301Z1PC,0.0,,US,1.0,deny,50,20,shopify,manual,false,true,lbs,false,active,
kids-chester-embroidered-graphic-tee621-brilliant-red-2,KIDS CHESTER EMBROIDERED GRAPHIC TEE-621 BRILLIANT RED 2,,KIDS CHESTER EMBROIDERED GRAPHIC TEE-621 BRILLIANT RED 2,14469,Psycho Bunny,FALL 2023,,Apparel & Accessories > Clothing,false,Size,5/6,Color,621 BRILLIANT RED 2,,,B0U301Z1PC,0.0,,US,1.0,deny,50,20,shopify,manual,false,true,lbs,false,active,
kids-chester-embroidered-graphic-tee621-brilliant-red-2,KIDS CHESTER EMBROIDERED GRAPHIC TEE-621 BRILLIANT RED 2,,KIDS CHESTER EMBROIDERED GRAPHIC TEE-621 BRILLIANT RED 2,14469,Psycho Bunny,FALL 2023,,Apparel & Accessories > Clothing,false,Size,7/8,Color,621 BRILLIANT RED 2,,,B0U301Z1PC,0.0,,US,1.0,deny,50,20,shopify,manual,false,true,lbs,false,active,
kids-chester-embroidered-graphic-tee425-mountain-sky,KIDS CHESTER EMBROIDERED GRAPHIC TEE-425 MOUNTAIN SKY,,KIDS CHESTER EMBROIDERED GRAPHIC TEE-425 MOUNTAIN SKY,14469,Psycho Bunny,FALL 2023,,Apparel & Accessories > Clothing,false,Size,2T,Color,425 MOUNTAIN SKY,,,B0U301Z1PC,0.0,,US,1.0,deny,50,20,shopify,manual,false,true,lbs,false,active,
kids-chester-embroidered-graphic-tee425-mountain-sky,KIDS CHESTER EMBROIDERED GRAPHIC TEE-425 MOUNTAIN SKY,,KIDS CHESTER EMBROIDERED GRAPHIC TEE-425 MOUNTAIN SKY,14469,Psycho Bunny,FALL 2023,,Apparel & Accessories > Clothing,false,Size,3T,Color,425 MOUNTAIN SKY,,,B0U301Z1PC,0.0,,US,1.0,deny,50,20,shopify,manual,false,true,lbs,false,active,
kids-harvey-graphic-tee001-black,KIDS HARVEY GRAPHIC TEE-001 BLACK,,KIDS HARVEY GRAPHIC TEE-001 BLACK,14469,Psycho Bunny,FALL 2023,,Apparel & Accessories > Clothing,false,Size,2T,Color,001 BLACK,,,B0U309Z1PC,0.0,,US,1.0,deny,45,18,shopify,manual,false,true,lbs,false,active,
kids-harvey-graphic-tee001-black,KIDS HARVEY GRAPHIC TEE-001 BLACK,,KIDS HARVEY GRAPHIC TEE-001 BLACK,14469,Psycho Bunny,FALL 2023,,Apparel & Accessories > Clothing,false,Size,3T,Color,001 BLACK,,,B0U309Z1PC,0.0,,US,1.0,deny,45,18,shopify,manual,false,true,lbs,false,active,
kids-harvey-graphic-tee001-black,KIDS HARVEY GRAPHIC TEE-001 BLACK,,KIDS HARVEY GRAPHIC TEE-001 BLACK,14469,Psycho Bunny,FALL 2023,,Apparel & Accessories > Clothing,false,Size,4,Color,001 BLACK,,,B0U309Z1PC,0.0,,US,1.0,deny,45,18,shopify,manual,false,true,lbs,false,active,
kids-harvey-graphic-tee001-black,KIDS HARVEY GRAPHIC TEE-001 BLACK,,KIDS HARVEY GRAPHIC TEE-001 BLACK,14469,Psycho Bunny,FALL 2023,,Apparel & Accessories > Clothing,false,Size,5/6,Color,001 BLACK,,,B0U309Z1PC,0.0,,US,1.0,deny,45,18,shopify,manual,false,true,lbs,false,active,
kids-harvey-graphic-tee001-black,KIDS HARVEY GRAPHIC TEE-001 BLACK,,KIDS HARVEY GRAPHIC TEE-001 BLACK,14469,Psycho Bunny,FALL 2023,,Apparel & Accessories > Clothing,false,Size,7/8,Color,001 BLACK,,,B0U309Z1PC,0.0,,US,1.0,deny,45,18,shopify,manual,false,true,lbs,false,active,
kids-plano-camo-print-graphic-tee410-navy,KIDS PLANO CAMO PRINT GRAPHIC TEE-410 NAVY,,KIDS PLANO CAMO PRINT GRAPHIC TEE-410 NAVY,14469,Psycho Bunny,FALL 2023,,Apparel & Accessories > Clothing,false,Size,7/8,Color,410 NAVY,,,B0U375Z1PC,0.0,,US,1.0,deny,45,18,shopify,manual,false,true,lbs,false,active,
kids-plano-camo-print-graphic-tee410-navy,KIDS PLANO CAMO PRINT GRAPHIC TEE-410 NAVY,,KIDS PLANO CAMO PRINT GRAPHIC TEE-410 NAVY,14469,Psycho Bunny,FALL 2023,,Apparel & Accessories > Clothing,false,Size,1012,Color,410 NAVY,,,B0U375Z1PC,0.0,,US,1.0,deny,45,18,shopify,manual,false,true,lbs,false,active,
kids-plano-camo-print-graphic-tee410-navy,KIDS PLANO CAMO PRINT GRAPHIC TEE-410 NAVY,,KIDS PLANO CAMO PRINT GRAPHIC TEE-410 NAVY,14469,Psycho Bunny,FALL 2023,,Apparel & Accessories > Clothing,false,Size,1416,Color,410 NAVY,,,B0U375Z1PC,0.0,,US,1.0,deny,45,18,shopify,manual,false,true,lbs,false,active,
kids-plano-camo-print-graphic-tee410-navy,KIDS PLANO CAMO PRINT GRAPHIC TEE-410 NAVY,,KIDS PLANO CAMO PRINT GRAPHIC TEE-410 NAVY,14469,Psycho Bunny,FALL 2023,,Apparel & Accessories > Clothing,false,Size,1820,Color,410 NAVY,,,B0U375Z1PC,0.0,,US,1.0,deny,45,18,shopify,manual,false,true,lbs,false,active,
chester-embroidered-baseball-cap001-black,CHESTER EMBROIDERED BASEBALL CAP-001 BLACK,,CHESTER EMBROIDERED BASEBALL CAP-001 BLACK,14469,Psycho Bunny,FALL 2023,,Apparel & Accessories > Clothing,false,Size,O/S,Color,001 BLACK,,,B6A316Z1HT,0.0,,US,4.0,deny,45,18,shopify,manual,false,true,lbs,false,active,
yorkville-embroidered-cap001-black,YORKVILLE EMBROIDERED CAP-001 BLACK,,YORKVILLE EMBROIDERED CAP-001 BLACK,14469,Psycho Bunny,FALL 2023,,Apparel & Accessories > Clothing,false,Size,O/S,Color,001 BLACK,,,B6A320Z1HT,0.0,,US,3.0,deny,45,18,shopify,manual,false,true,lbs,false,active,
addison-indigo-dyed-hoodie418-indigo,ADDISON INDIGO DYED HOODIE-418 INDIGO,,ADDISON INDIGO DYED HOODIE-418 INDIGO,14469,Psycho Bunny,HOLIDAY 2023,,Apparel & Accessories > Clothing,false,Size,L,Color,418 INDIGO,,,B6H339Z1FT,0.0,,US,1.0,deny,175,70,shopify,manual,false,true,lbs,false,active,
addison-indigo-dyed-hoodie418-indigo,ADDISON INDIGO DYED HOODIE-418 INDIGO,,ADDISON INDIGO DYED HOODIE-418 INDIGO,14469,Psycho Bunny,HOLIDAY 2023,,Apparel & Accessories > Clothing,false,Size,XXL,Color,418 INDIGO,,,B6H339Z1FT,0.0,,US,1.0,deny,175,70,shopify,manual,false,true,lbs,false,active,
addison-indigo-dyed-hoodie418-indigo,ADDISON INDIGO DYED HOODIE-418 INDIGO,,ADDISON INDIGO DYED HOODIE-418 INDIGO,14469,Psycho Bunny,HOLIDAY 2023,,Apparel & Accessories > Clothing,false,Size,XXXL,Color,418 INDIGO,,,B6H339Z1FT,0.0,,US,1.0,deny,175,70,shopify,manual,false,true,lbs,false,active,
chester-embroidered-hoodie001-black,CHESTER EMBROIDERED HOODIE-001 BLACK,,CHESTER EMBROIDERED HOODIE-001 BLACK,14469,Psycho Bunny,FALL 2023,,Apparel & Accessories > Clothing,false,Size,XS,Color,001 BLACK,,,B6H358Z1FT,0.0,,US,1.0,deny,165,66,shopify,manual,false,true,lbs,false,active,
chester-embroidered-hoodie001-black,CHESTER EMBROIDERED HOODIE-001 BLACK,,CHESTER EMBROIDERED HOODIE-001 BLACK,14469,Psycho Bunny,FALL 2023,,Apparel & Accessories > Clothing,false,Size,XXL,Color,001 BLACK,,,B6H358Z1FT,0.0,,US,1.0,deny,165,66,shopify,manual,false,true,lbs,false,active,
french-terry-pullover-hoodie238-antique-taupe,FRENCH TERRY PULLOVER HOODIE-238 ANTIQUE TAUPE,,FRENCH TERRY PULLOVER HOODIE-238 ANTIQUE TAUPE,14469,Psycho Bunny,,,Apparel & Accessories > Clothing,false,Size,XXL,Color,238 ANTIQUE TAUPE,,,B6H825ARFT,0.0,,US,2.0,deny,145,58,shopify,manual,false,true,lbs,false,active,
french-terry-pullover-hoodie238-antique-taupe,FRENCH TERRY PULLOVER HOODIE-238 ANTIQUE TAUPE,,FRENCH TERRY PULLOVER HOODIE-238 ANTIQUE TAUPE,14469,Psycho Bunny,,,Apparel & Accessories > Clothing,false,Size,XXXL,Color,238 ANTIQUE TAUPE,,,B6H825ARFT,0.0,,US,2.0,deny,145,58,shopify,manual,false,true,lbs,false,active,
french-terry-pullover-hoodie001-black,FRENCH TERRY PULLOVER HOODIE-001 BLACK,,FRENCH TERRY PULLOVER HOODIE-001 BLACK,14469,Psycho Bunny,,,Apparel & Accessories > Clothing,false,Size,XXXL,Color,001 BLACK,,,B6H825ARFT,0.0,,US,2.0,deny,145,58,shopify,manual,false,true,lbs,false,active,
yorkville-embroidered-sweatpant001-black,YORKVILLE EMBROIDERED SWEATPANT-001 BLACK,,YORKVILLE EMBROIDERED SWEATPANT-001 BLACK,14469,Psycho Bunny,FALL 2023,,Apparel & Accessories > Clothing,false,Size,L,Color,001 BLACK,,,B6P476Z1FT,0.0,,US,1.0,deny,125,50,shopify,manual,false,true,lbs,false,active,
yorkville-embroidered-sweatpant001-black,YORKVILLE EMBROIDERED SWEATPANT-001 BLACK,,YORKVILLE EMBROIDERED SWEATPANT-001 BLACK,14469,Psycho Bunny,FALL 2023,,Apparel & Accessories > Clothing,false,Size,XL,Color,001 BLACK,,,B6P476Z1FT,0.0,,US,1.0,deny,125,50,shopify,manual,false,true,lbs,false,active,
yorkville-embroidered-sweatpant001-black,YORKVILLE EMBROIDERED SWEATPANT-001 BLACK,,YORKVILLE EMBROIDERED SWEATPANT-001 BLACK,14469,Psycho Bunny,FALL 2023,,Apparel & Accessories > Clothing,false,Size,XXL,Color,001 BLACK,,,B6P476Z1FT,0.0,,US,1.0,deny,125,50,shopify,manual,false,true,lbs,false,active,
yorkville-embroidered-sweatpant001-black,YORKVILLE EMBROIDERED SWEATPANT-001 BLACK,,YORKVILLE EMBROIDERED SWEATPANT-001 BLACK,14469,Psycho Bunny,FALL 2023,,Apparel & Accessories > Clothing,false,Size,XXXL,Color,001 BLACK,,,B6P476Z1FT,0.0,,US,1.0,deny,125,50,shopify,manual,false,true,lbs,false,active,
yorkville-relaxed-fit-fleece-half-zip-popover001-black,YORKVILLE RELAXED FIT FLEECE HALF ZIP POPOVER-001 BLACK,,YORKVILLE RELAXED FIT FLEECE HALF ZIP POPOVER-001 BLACK,14469,Psycho Bunny,FALL 2023,,Apparel & Accessories > Clothing,false,Size,L,Color,001 BLACK,,,B6S454Z1FT,0.0,,US,1.0,deny,150,60,shopify,manual,false,true,lbs,false,active,
yorkville-relaxed-fit-fleece-half-zip-popover001-black,YORKVILLE RELAXED FIT FLEECE HALF ZIP POPOVER-001 BLACK,,YORKVILLE RELAXED FIT FLEECE HALF ZIP POPOVER-001 BLACK,14469,Psycho Bunny,FALL 2023,,Apparel & Accessories > Clothing,false,Size,XL,Color,001 BLACK,,,B6S454Z1FT,0.0,,US,1.0,deny,150,60,shopify,manual,false,true,lbs,false,active,
yorkville-relaxed-fit-fleece-half-zip-popover001-black,YORKVILLE RELAXED FIT FLEECE HALF ZIP POPOVER-001 BLACK,,YORKVILLE RELAXED FIT FLEECE HALF ZIP POPOVER-001 BLACK,14469,Psycho Bunny,FALL 2023,,Apparel & Accessories > Clothing,false,Size,XXL,Color,001 BLACK,,,B6S454Z1FT,0.0,,US,1.0,deny,150,60,shopify,manual,false,true,lbs,false,active,
yorkville-relaxed-fit-fleece-half-zip-popover001-black,YORKVILLE RELAXED FIT FLEECE HALF ZIP POPOVER-001 BLACK,,YORKVILLE RELAXED FIT FLEECE HALF ZIP POPOVER-001 BLACK,14469,Psycho Bunny,FALL 2023,,Apparel & Accessories > Clothing,false,Size,XXXL,Color,001 BLACK,,,B6S454Z1FT,0.0,,US,1.0,deny,150,60,shopify,manual,false,true,lbs,false,active,
posen-matte-graphic-sweatshirt410-navy,POSEN MATTE GRAPHIC SWEATSHIRT-410 NAVY,,POSEN MATTE GRAPHIC SWEATSHIRT-410 NAVY,14469,Psycho Bunny,FALL 2023,,Apparel & Accessories > Clothing,false,Size,M,Color,410 NAVY,,,B6S536Z1FT,0.0,,US,1.0,deny,145,58,shopify,manual,false,true,lbs,false,active,
posen-matte-graphic-sweatshirt410-navy,POSEN MATTE GRAPHIC SWEATSHIRT-410 NAVY,,POSEN MATTE GRAPHIC SWEATSHIRT-410 NAVY,14469,Psycho Bunny,FALL 2023,,Apparel & Accessories > Clothing,false,Size,L,Color,410 NAVY,,,B6S536Z1FT,0.0,,US,1.0,deny,145,58,shopify,manual,false,true,lbs,false,active,
french-terry-sweatshirt001-black,FRENCH TERRY SWEATSHIRT-001 BLACK,,FRENCH TERRY SWEATSHIRT-001 BLACK,14469,Psycho Bunny,,,Apparel & Accessories > Clothing,false,Size,M,Color,001 BLACK,,,B6S830ARFT,0.0,,US,1.0,deny,125,50,shopify,manual,false,true,lbs,false,active,
french-terry-sweatshirt001-black,FRENCH TERRY SWEATSHIRT-001 BLACK,,FRENCH TERRY SWEATSHIRT-001 BLACK,14469,Psycho Bunny,,,Apparel & Accessories > Clothing,false,Size,L,Color,001 BLACK,,,B6S830ARFT,0.0,,US,1.0,deny,125,50,shopify,manual,false,true,lbs,false,active,
french-terry-sweatshirt001-black,FRENCH TERRY SWEATSHIRT-001 BLACK,,FRENCH TERRY SWEATSHIRT-001 BLACK,14469,Psycho Bunny,,,Apparel & Accessories > Clothing,false,Size,XXL,Color,001 BLACK,,,B6S830ARFT,0.0,,US,2.0,deny,125,50,shopify,manual,false,true,lbs,false,active,
chester-embroidered-graphic-tee001-black,CHESTER EMBROIDERED GRAPHIC TEE-001 BLACK,,CHESTER EMBROIDERED GRAPHIC TEE-001 BLACK,14469,Psycho Bunny,HOLIDAY 2023,,Apparel & Accessories > Clothing,false,Size,9,Color,001 BLACK,,,B6U301Z1PC,0.0,,US,1.0,deny,70,28,shopify,manual,false,true,lbs,false,active,
plano-camo-print-graphic-tee343-duffel-bag,PLANO CAMO PRINT GRAPHIC TEE-343 DUFFEL BAG,,PLANO CAMO PRINT GRAPHIC TEE-343 DUFFEL BAG,14469,Psycho Bunny,FALL 2023,,Apparel & Accessories > Clothing,false,Size,8,Color,343 DUFFEL BAG,,,B6U375Z1PC,0.0,,US,1.0,deny,60,24,shopify,manual,false,true,lbs,false,active,
plano-camo-print-graphic-tee343-duffel-bag,PLANO CAMO PRINT GRAPHIC TEE-343 DUFFEL BAG,,PLANO CAMO PRINT GRAPHIC TEE-343 DUFFEL BAG,14469,Psycho Bunny,FALL 2023,,Apparel & Accessories > Clothing,false,Size,9,Color,343 DUFFEL BAG,,,B6U375Z1PC,0.0,,US,2.0,deny,60,24,shopify,manual,false,true,lbs,false,active,
dixon-flocking-graphic-tee001-black,DIXON FLOCKING GRAPHIC TEE-001 BLACK,,DIXON FLOCKING GRAPHIC TEE-001 BLACK,14469,Psycho Bunny,HOLIDAY 2023,,Apparel & Accessories > Clothing,false,Size,6,Color,001 BLACK,,,B6U431Z1PC,0.0,,US,1.0,deny,70,28,shopify,manual,false,true,lbs,false,active,
dixon-flocking-graphic-tee001-black,DIXON FLOCKING GRAPHIC TEE-001 BLACK,,DIXON FLOCKING GRAPHIC TEE-001 BLACK,14469,Psycho Bunny,HOLIDAY 2023,,Apparel & Accessories > Clothing,false,Size,7,Color,001 BLACK,,,B6U431Z1PC,0.0,,US,1.0,deny,70,28,shopify,manual,false,true,lbs,false,active,
dixon-flocking-graphic-tee001-black,DIXON FLOCKING GRAPHIC TEE-001 BLACK,,DIXON FLOCKING GRAPHIC TEE-001 BLACK,14469,Psycho Bunny,HOLIDAY 2023,,Apparel & Accessories > Clothing,false,Size,8,Color,001 BLACK,,,B6U431Z1PC,0.0,,US,1.0,deny,70,28,shopify,manual,false,true,lbs,false,active,
shiloh-twill-embroidered-graphic-tee001-black,SHILOH TWILL EMBROIDERED GRAPHIC TEE-001 BLACK,,SHILOH TWILL EMBROIDERED GRAPHIC TEE-001 BLACK,14469,Psycho Bunny,FALL 2023,,Apparel & Accessories > Clothing,false,Size,6,Color,001 BLACK,,,B6U512Z1PC,0.0,,US,2.0,deny,70,28,shopify,manual,false,true,lbs,false,active,
shiloh-twill-embroidered-graphic-tee001-black,SHILOH TWILL EMBROIDERED GRAPHIC TEE-001 BLACK,,SHILOH TWILL EMBROIDERED GRAPHIC TEE-001 BLACK,14469,Psycho Bunny,FALL 2023,,Apparel & Accessories > Clothing,false,Size,9,Color,001 BLACK,,,B6U512Z1PC,0.0,,US,2.0,deny,70,28,shopify,manual,false,true,lbs,false,active,
